{
  "0": {
    "u": 0,
    "v": 0,
    "w": 0.0625,
    "h": 0.046875
  },
  "1": {
    "u": 0.0625,
    "v": 0,
    "w": 0.0625,
    "h": 0.046875
  },
  "2": {
    "u": 0.125,
    "v": 0,
    "w": 0.0625,
    "h": 0.046875
  },
  "3": {
    "u": 0.1875,
    "v": 0,
    "w": 0.0625,
    "h": 0.046875
  },
  "4": {
    "u": 0.25,
    "v": 0,
    "w": 0.0625,
    "h": 0.046875
  },
  "5": {
    "u": 0.3125,
    "v": 0,
    "w": 0.0625,
    "h": 0.046875
  },
  "6": {
    "u": 0.375,
    "v": 0,
    "w": 0.0625,
    "h": 0.046875
  },
  "7": {
    "u": 0.4375,
    "v": 0,
    "w": 0.0625,
    "h": 0.046875
  },
  "8": {
    "u": 0.5,
    "v": 0,
    "w": 0.0625,
    "h": 0.046875
  },
  "9": {
    "u": 0.5625,
    "v": 0,
    "w": 0.0625,
    "h": 0.046875
  },
  "10": {
    "u": 0.625,
    "v": 0,
    "w": 0.0625,
    "h": 0.046875
  },
  "11": {
    "u": 0.6875,
    "v": 0,
    "w": 0.0625,
    "h": 0.046875
  },
  "12": {
    "u": 0.75,
    "v": 0,
    "w": 0.0625,
    "h": 0.046875
  },
  "13": {
    "u": 0.8125,
    "v": 0,
    "w": 0.0625,
    "h": 0.046875
  },
  "14": {
    "u": 0.875,
    "v": 0,
    "w": 0.0625,
    "h": 0.046875
  },
  "15": {
    "u": 0.9375,
    "v": 0,
    "w": 0.0625,
    "h": 0.046875
  },
  "16": {
    "u": 0,
    "v": 0.046875,
    "w": 0.0625,
    "h": 0.046875
  },
  "17": {
    "u": 0.0625,
    "v": 0.046875,
    "w": 0.0625,
    "h": 0.046875
  },
  "18": {
    "u": 0.125,
    "v": 0.046875,
    "w": 0.0625,
    "h": 0.046875
  },
  "19": {
    "u": 0.1875,
    "v": 0.046875,
    "w": 0.0625,
    "h": 0.046875
  },
  "20": {
    "u": 0.25,
    "v": 0.046875,
    "w": 0.0625,
    "h": 0.046875
  },
  "21": {
    "u": 0.3125,
    "v": 0.046875,
    "w": 0.0625,
    "h": 0.046875
  },
  "22": {
    "u": 0.375,
    "v": 0.046875,
    "w": 0.0625,
    "h": 0.046875
  },
  "23": {
    "u": 0.4375,
    "v": 0.046875,
    "w": 0.0625,
    "h": 0.046875
  },
  "24": {
    "u": 0.5,
    "v": 0.046875,
    "w": 0.0625,
    "h": 0.046875
  },
  "25": {
    "u": 0.5625,
    "v": 0.046875,
    "w": 0.0625,
    "h": 0.046875
  },
  "26": {
    "u": 0.625,
    "v": 0.046875,
    "w": 0.0625,
    "h": 0.046875
  },
  "27": {
    "u": 0.6875,
    "v": 0.046875,
    "w": 0.0625,
    "h": 0.046875
  },
  "28": {
    "u": 0.75,
    "v": 0.046875,
    "w": 0.0625,
    "h": 0.046875
  },
  "29": {
    "u": 0.8125,
    "v": 0.046875,
    "w": 0.0625,
    "h": 0.046875
  },
  "30": {
    "u": 0.875,
    "v": 0.046875,
    "w": 0.0625,
    "h": 0.046875
  },
  "31": {
    "u": 0.9375,
    "v": 0.046875,
    "w": 0.0625,
    "h": 0.046875
  },
  "32": {
    "u": 0,
    "v": 0.09375,
    "w": 0.0625,
    "h": 0.046875
  },
  "33": {
    "u": 0.0625,
    "v": 0.09375,
    "w": 0.0625,
    "h": 0.046875
  },
  "34": {
    "u": 0.125,
    "v": 0.09375,
    "w": 0.0625,
    "h": 0.046875
  },
  "35": {
    "u": 0.1875,
    "v": 0.09375,
    "w": 0.0625,
    "h": 0.046875
  },
  "36": {
    "u": 0.25,
    "v": 0.09375,
    "w": 0.0625,
    "h": 0.046875
  },
  "37": {
    "u": 0.3125,
    "v": 0.09375,
    "w": 0.0625,
    "h": 0.046875
  },
  "38": {
    "u": 0.375,
    "v": 0.09375,
    "w": 0.0625,
    "h": 0.046875
  },
  "39": {
    "u": 0.4375,
    "v": 0.09375,
    "w": 0.0625,
    "h": 0.046875
  },
  "40": {
    "u": 0.5,
    "v": 0.09375,
    "w": 0.0625,
    "h": 0.046875
  },
  "41": {
    "u": 0.5625,
    "v": 0.09375,
    "w": 0.0625,
    "h": 0.046875
  },
  "42": {
    "u": 0.625,
    "v": 0.09375,
    "w": 0.0625,
    "h": 0.046875
  },
  "43": {
    "u": 0.6875,
    "v": 0.09375,
    "w": 0.0625,
    "h": 0.046875
  },
  "44": {
    "u": 0.75,
    "v": 0.09375,
    "w": 0.0625,
    "h": 0.046875
  },
  "45": {
    "u": 0.8125,
    "v": 0.09375,
    "w": 0.0625,
    "h": 0.046875
  },
  "46": {
    "u": 0.875,
    "v": 0.09375,
    "w": 0.0625,
    "h": 0.046875
  },
  "47": {
    "u": 0.9375,
    "v": 0.09375,
    "w": 0.0625,
    "h": 0.046875
  },
  "48": {
    "u": 0,
    "v": 0.140625,
    "w": 0.0625,
    "h": 0.046875
  },
  "49": {
    "u": 0.0625,
    "v": 0.140625,
    "w": 0.0625,
    "h": 0.046875
  },
  "50": {
    "u": 0.125,
    "v": 0.140625,
    "w": 0.0625,
    "h": 0.046875
  },
  "51": {
    "u": 0.1875,
    "v": 0.140625,
    "w": 0.0625,
    "h": 0.046875
  },
  "52": {
    "u": 0.25,
    "v": 0.140625,
    "w": 0.0625,
    "h": 0.046875
  },
  "53": {
    "u": 0.3125,
    "v": 0.140625,
    "w": 0.0625,
    "h": 0.046875
  },
  "54": {
    "u": 0.375,
    "v": 0.140625,
    "w": 0.0625,
    "h": 0.046875
  },
  "55": {
    "u": 0.4375,
    "v": 0.140625,
    "w": 0.0625,
    "h": 0.046875
  },
  "56": {
    "u": 0.5,
    "v": 0.140625,
    "w": 0.0625,
    "h": 0.046875
  },
  "57": {
    "u": 0.5625,
    "v": 0.140625,
    "w": 0.0625,
    "h": 0.046875
  },
  "58": {
    "u": 0.625,
    "v": 0.140625,
    "w": 0.0625,
    "h": 0.046875
  },
  "59": {
    "u": 0.6875,
    "v": 0.140625,
    "w": 0.0625,
    "h": 0.046875
  },
  "60": {
    "u": 0.75,
    "v": 0.140625,
    "w": 0.0625,
    "h": 0.046875
  },
  "61": {
    "u": 0.8125,
    "v": 0.140625,
    "w": 0.0625,
    "h": 0.046875
  },
  "62": {
    "u": 0.875,
    "v": 0.140625,
    "w": 0.0625,
    "h": 0.046875
  },
  "63": {
    "u": 0.9375,
    "v": 0.140625,
    "w": 0.0625,
    "h": 0.046875
  },
  "64": {
    "u": 0,
    "v": 0.1875,
    "w": 0.0625,
    "h": 0.046875
  },
  "65": {
    "u": 0.0625,
    "v": 0.1875,
    "w": 0.0625,
    "h": 0.046875
  },
  "66": {
    "u": 0.125,
    "v": 0.1875,
    "w": 0.0625,
    "h": 0.046875
  },
  "67": {
    "u": 0.1875,
    "v": 0.1875,
    "w": 0.0625,
    "h": 0.046875
  },
  "68": {
    "u": 0.25,
    "v": 0.1875,
    "w": 0.0625,
    "h": 0.046875
  },
  "69": {
    "u": 0.3125,
    "v": 0.1875,
    "w": 0.0625,
    "h": 0.046875
  },
  "70": {
    "u": 0.375,
    "v": 0.1875,
    "w": 0.0625,
    "h": 0.046875
  },
  "71": {
    "u": 0.4375,
    "v": 0.1875,
    "w": 0.0625,
    "h": 0.046875
  },
  "72": {
    "u": 0.5,
    "v": 0.1875,
    "w": 0.0625,
    "h": 0.046875
  },
  "73": {
    "u": 0.5625,
    "v": 0.1875,
    "w": 0.0625,
    "h": 0.046875
  },
  "74": {
    "u": 0.625,
    "v": 0.1875,
    "w": 0.0625,
    "h": 0.046875
  },
  "75": {
    "u": 0.6875,
    "v": 0.1875,
    "w": 0.0625,
    "h": 0.046875
  },
  "76": {
    "u": 0.75,
    "v": 0.1875,
    "w": 0.0625,
    "h": 0.046875
  },
  "77": {
    "u": 0.8125,
    "v": 0.1875,
    "w": 0.0625,
    "h": 0.046875
  },
  "78": {
    "u": 0.875,
    "v": 0.1875,
    "w": 0.0625,
    "h": 0.046875
  },
  "79": {
    "u": 0.9375,
    "v": 0.1875,
    "w": 0.0625,
    "h": 0.046875
  },
  "80": {
    "u": 0,
    "v": 0.234375,
    "w": 0.0625,
    "h": 0.046875
  },
  "81": {
    "u": 0.0625,
    "v": 0.234375,
    "w": 0.0625,
    "h": 0.046875
  },
  "82": {
    "u": 0.125,
    "v": 0.234375,
    "w": 0.0625,
    "h": 0.046875
  },
  "83": {
    "u": 0.1875,
    "v": 0.234375,
    "w": 0.0625,
    "h": 0.046875
  },
  "84": {
    "u": 0.25,
    "v": 0.234375,
    "w": 0.0625,
    "h": 0.046875
  },
  "85": {
    "u": 0.3125,
    "v": 0.234375,
    "w": 0.0625,
    "h": 0.046875
  },
  "86": {
    "u": 0.375,
    "v": 0.234375,
    "w": 0.0625,
    "h": 0.046875
  },
  "87": {
    "u": 0.4375,
    "v": 0.234375,
    "w": 0.0625,
    "h": 0.046875
  },
  "88": {
    "u": 0.5,
    "v": 0.234375,
    "w": 0.0625,
    "h": 0.046875
  },
  "89": {
    "u": 0.5625,
    "v": 0.234375,
    "w": 0.0625,
    "h": 0.046875
  },
  "90": {
    "u": 0.625,
    "v": 0.234375,
    "w": 0.0625,
    "h": 0.046875
  },
  "91": {
    "u": 0.6875,
    "v": 0.234375,
    "w": 0.0625,
    "h": 0.046875
  },
  "92": {
    "u": 0.75,
    "v": 0.234375,
    "w": 0.0625,
    "h": 0.046875
  },
  "93": {
    "u": 0.8125,
    "v": 0.234375,
    "w": 0.0625,
    "h": 0.046875
  },
  "94": {
    "u": 0.875,
    "v": 0.234375,
    "w": 0.0625,
    "h": 0.046875
  },
  "95": {
    "u": 0.9375,
    "v": 0.234375,
    "w": 0.0625,
    "h": 0.046875
  },